{
	"updatedAt": "2018-05-22T22:05:00.000Z",
	"seasons": {
		"PRESEASON3": 0,
		"SEASON3": 1,
		"PRESEASON2014": 2,
		"SEASON2014": 3,
		"PRESEASON2015": 4,
		"SEASON2015": 5,
		"PRESEASON2016": 6,
		"SEASON2016": 7,
		"PRESEASON2017": 8,
		"SEASON2017": 9,
		"PRESEASON2018": 10,
		"SEASON2018": 11,
		"PRESEASON2019": 12,
		"SEASON2019": 13
	},
	"matchMakingQueues": {
		"CUSTOM": {
			"queueType": 0,
			"queueId": 0,
			"queue": 0,
			"gameQueueConfigId": 0,
			"name": "Custom games"
		},
		"NORMAL_5x5_BLIND": {
			"queueType": 2,
			"queueId": 2,
			"queue": 2,
			"gameQueueConfigId": 2,
			"mapId": 11,
			"name": "Normal 5v5 Blind Pick games",
			"deprecation": {
				"deprecated": true,
				"sincePatch": "7.19",
				"replacement": 430
			}
		},
		"RANKED_SOLO_5x5": {
			"queueType": 4,
			"queueId": 4,
			"queue": 4,
			"gameQueueConfigId": 4,
			"mapId": 11,
			"name": "Ranked Solo 5v5 games",
			"deprecation": {
				"deprecated": true,
				"replacement": 420
			}
		},
		"RANKED_PREMADE_5x5*": {
			"queueType": 6,
			"queueId": 6,
			"queue": 6,
			"gameQueueConfigId": 6,
			"mapId": 11,
			"name": "Ranked Premade 5v5 games",
			"deprecation": {
				"deprecated": true
			}
		},
		"BOT_5x5*": {
			"queueType": 7,
			"queueId": 7,
			"queue": 7,
			"gameQueueConfigId": 7,
			"mapId": 11,
			"name": "Historical Summoner's Rift Coop vs AI games",
			"deprecation": {
				"deprecated": true,
				"replacement": [
					32,
					33
				]
			}
		},
		"NORMAL_3x3": {
			"queueType": 8,
			"queueId": 8,
			"queue": 8,
			"gameQueueConfigId": 8,
			"mapId": 10,
			"name": "Normal 3v3 games",
			"deprecation": {
				"deprecated": true,
				"sincePatch": "7.19",
				"replacement": 460
			}
		},
		"RANKED_PREMADE_3x3*": {
			"queueType": 9,
			"queueId": 9,
			"queue": 9,
			"gameQueueConfigId": 9,
			"mapId": 10,
			"name": "Used for both historical Ranked Premade 3v3 games and current Ranked Flex Twisted Treeline games",
			"deprecation": {
				"deprecated": true,
				"sincePatch": "7.19",
				"replacement": 470
			}
		},
		"RANKED_FLEX_TT": {
			"queueType": 9,
			"queueId": 9,
			"queue": 9,
			"gameQueueConfigId": 9,
			"mapId": 10,
			"name": "Used for both historical Ranked Premade 3v3 games and current Ranked Flex Twisted Treeline games",
			"deprecation": {
				"deprecated": true,
				"sincePatch": "7.19",
				"replacement": 470
			}
		},
		"NORMAL_5x5_DRAFT": {
			"queueType": 14,
			"queueId": 14,
			"queue": 14,
			"gameQueueConfigId": 14,
			"mapId": 11,
			"name": "Normal 5v5 Draft Pick games",
			"deprecation": {
				"deprecated": true,
				"replacement": 400
			}
		},
		"ODIN_5x5_BLIND": {
			"queueType": 16,
			"queueId": 16,
			"queue": 16,
			"gameQueueConfigId": 16,
			"mapId": 8,
			"name": "Dominion 5v5 Blind Pick games",
			"deprecation": {
				"deprecated": true
			}
		},
		"ODIN_5x5_DRAFT": {
			"queueType": 17,
			"queueId": 17,
			"queue": 17,
			"gameQueueConfigId": 17,
			"mapId": 8,
			"name": "Dominion 5v5 Draft Pick games",
			"deprecation": {
				"deprecated": true
			}
		},
		"BOT_ODIN_5x5": {
			"queueType": 25,
			"queueId": 25,
			"queue": 25,
			"gameQueueConfigId": 25,
			"mapId": 8,
			"name": "Dominion Coop vs AI games",
			"deprecation": {
				"deprecated": true
			}
		},
		"BOT_5x5_INTRO": {
			"queueType": 31,
			"queueId": 31,
			"queue": 31,
			"gameQueueConfigId": 31,
			"mapId": 11,
			"name": "Summoner's Rift Coop vs AI Intro Bot games",
			"deprecation": {
				"deprecated": true,
				"sincePatch": "7.19",
				"replacement": 830
			}
		},
		"BOT_5x5_BEGINNER": {
			"queueType": 32,
			"queueId": 32,
			"queue": 32,
			"gameQueueConfigId": 32,
			"mapId": 11,
			"name": "Summoner's Rift Coop vs AI Beginner Bot games",
			"deprecation": {
				"deprecated": true,
				"sincePatch": "7.19",
				"replacement": 840
			}
		},
		"BOT_5x5_INTERMEDIATE": {
			"queueType": 33,
			"queueId": 33,
			"queue": 33,
			"gameQueueConfigId": 33,
			"mapId": 11,
			"name": "Historical Summoner's Rift Coop vs AI Intermediate Bot games",
			"deprecation": {
				"deprecated": true,
				"sincePatch": "7.19",
				"replacement": 850
			}
		},
		"RANKED_TEAM_3x3*": {
			"queueType": 41,
			"queueId": 41,
			"queue": 41,
			"gameQueueConfigId": 41,
			"mapId": 10,
			"name": "Ranked Team 3v3 games",
			"deprecation": {
				"deprecated": true
			}
		},
		"RANKED_TEAM_5x5": {
			"queueType": 42,
			"queueId": 42,
			"queue": 42,
			"gameQueueConfigId": 42,
			"mapId": 11,
			"name": "Ranked Team 5v5 games",
			"deprecation": {
				"deprecated": true
			}
		},
		"BOT_TT_3x3": {
			"queueType": 52,
			"queueId": 52,
			"queue": 52,
			"gameQueueConfigId": 52,
			"mapId": 10,
			"name": "Twisted Treeline Coop vs AI games",
			"deprecation": {
				"deprecated": true,
				"sincePatch": "7.19",
				"replacement": 800
			}
		},
		"GROUP_FINDER_5x5": {
			"queueType": 61,
			"queueId": 61,
			"queue": 61,
			"gameQueueConfigId": 61,
			"mapId": 11,
			"name": "Team Builder games",
			"deprecation": {
				"deprecated": true
			}
		},
		"ARAM_5x5": {
			"queueType": 65,
			"queueId": 65,
			"queue": 65,
			"gameQueueConfigId": 65,
			"mapId": 12,
			"name": "ARAM games",
			"deprecation": {
				"deprecated": true,
				"sincePatch": "7.19",
				"replacement": 450
			}
		},
		"ONEFORALL_5x5": {
			"queueType": 70,
			"queueId": 70,
			"queue": 70,
			"gameQueueConfigId": 70,
			"mapId": 11,
			"name": "One for All games",
			"deprecation": {
				"deprecated": true,
				"sincePatch": "8.6",
				"replacement": 1020
			}
		},
		"FIRSTBLOOD_1x1": {
			"queueType": 72,
			"queueId": 72,
			"queue": 72,
			"gameQueueConfigId": 72,
			"mapId": 12,
			"name": "Snowdown Showdown 1v1 games"
		},
		"FIRSTBLOOD_2x2": {
			"queueType": 73,
			"queueId": 73,
			"queue": 73,
			"gameQueueConfigId": 73,
			"mapId": 12,
			"name": "Snowdown Showdown 2v2 games"
		},
		"SR_6x6": {
			"queueType": 75,
			"queueId": 75,
			"queue": 75,
			"gameQueueConfigId": 75,
			"mapId": 11,
			"name": "Summoner's Rift 6x6 Hexakill games"
		},
		"URF_5x5": {
			"queueType": 76,
			"queueId": 76,
			"queue": 76,
			"gameQueueConfigId": 76,
			"mapId": 11,
			"name": "Ultra Rapid Fire games"
		},
		"ONEFORALL_MIRRORMODE_5x5": {
			"queueType": 78,
			"queueId": 78,
			"queue": 78,
			"gameQueueConfigId": 78,
			"mapId": 11,
			"name": "One for All (Mirror mode)"
		},
		"BOT_URF_5x5": {
			"queueType": 83,
			"queueId": 83,
			"queue": 83,
			"gameQueueConfigId": 83,
			"mapId": 11,
			"name": "Ultra Rapid Fire games played against AI games"
		},
		"NIGHTMARE_BOT_5x5_RANK1": {
			"queueType": 91,
			"queueId": 91,
			"queue": 91,
			"gameQueueConfigId": 91,
			"mapId": 11,
			"name": "Doom Bots Rank 1 games",
			"deprecation": {
				"deprecated": true,
				"sincePatch": "7.19",
				"replacement": 950
			}
		},
		"NIGHTMARE_BOT_5x5_RANK2": {
			"queueType": 92,
			"queueId": 92,
			"queue": 92,
			"gameQueueConfigId": 92,
			"mapId": 11,
			"name": "Doom Bots Rank 2 games",
			"deprecation": {
				"deprecated": true,
				"sincePatch": "7.19",
				"replacement": 950
			}
		},
		"NIGHTMARE_BOT_5x5_RANK5": {
			"queueType": 93,
			"queueId": 93,
			"queue": 93,
			"gameQueueConfigId": 93,
			"mapId": 11,
			"name": "Doom Bots Rank 5 games",
			"deprecation": {
				"deprecated": true,
				"sincePatch": "7.19",
				"replacement": 950
			}
		},
		"ASCENSION_5x5": {
			"queueType": 96,
			"queueId": 96,
			"queue": 96,
			"gameQueueConfigId": 96,
			"mapId": 8,
			"name": "Ascension games",
			"deprecation": {
				"deprecated": true,
				"sincePatch": "7.19",
				"replacement": 910
			}
		},
		"HEXAKILL": {
			"queueType": 98,
			"queueId": 98,
			"queue": 98,
			"gameQueueConfigId": 98,
			"mapId": 10,
			"name": "Twisted Treeline 6x6 Hexakill games"
		},
		"BILGEWATER_ARAM_5x5": {
			"queueType": 100,
			"queueId": 100,
			"queue": 100,
			"gameQueueConfigId": 100,
			"mapId": 14,
			"name": "Butcher's Bridge games"
		},
		"KING_PORO_5x5": {
			"queueType": 300,
			"queueId": 300,
			"queue": 300,
			"gameQueueConfigId": 300,
			"mapId": 12,
			"name": "King Poro games",
			"deprecation": {
				"deprecated": true,
				"sincePatch": "7.19",
				"replacement": 920
			}
		},
		"COUNTER_PICK": {
			"queueType": 310,
			"queueId": 310,
			"queue": 310,
			"gameQueueConfigId": 310,
			"mapId": 11,
			"name": "Nemesis games"
		},
		"NEMESIS": {
			"queueType": 310,
			"queueId": 310,
			"queue": 310,
			"gameQueueConfigId": 310,
			"mapId": 11,
			"name": "Nemesis games"
		},
		"BILGEWATER_5x5": {
			"queueType": 313,
			"queueId": 313,
			"queue": 313,
			"gameQueueConfigId": 313,
			"mapId": 11,
			"name": "Black Market Brawlers games"
		},
		"SIEGE": {
			"queueType": 315,
			"queueId": 315,
			"queue": 315,
			"gameQueueConfigId": 315,
			"name": "Nexus Siege games",
			"mapId": 11,
			"deprecation": {
				"deprecated": true,
				"sincePatch": "7.19",
				"replacement": 940
			}
		},
		"DEFINITELY_NOT_DOMINION_5x5": {
			"queueType": 317,
			"queueId": 317,
			"queue": 317,
			"gameQueueConfigId": 317,
			"mapId": 8,
			"name": "Definitely Not Dominion games"
		},
		"ARURF_5X5": {
			"queueType": 318,
			"queueId": 318,
			"queue": 318,
			"gameQueueConfigId": 318,
			"mapId": 11,
			"name": "All Random URF games",
			"deprecation": {
				"deprecated": true,
				"sincePatch": "7.19",
				"replacement": 900
			}
		},
		"ARSR_5x5": {
			"queueType": 325,
			"queueId": 325,
			"queue": 325,
			"gameQueueConfigId": 325,
			"mapId": 11,
			"name": "All Random Summoner's Rift games"
		},
		"TEAM_BUILDER_DRAFT_UNRANKED_5x5": {
			"queueType": 400,
			"queueId": 400,
			"queue": 400,
			"gameQueueConfigId": 400,
			"mapId": 11,
			"name": "Normal 5v5 Draft Pick games"
		},
		"TEAM_BUILDER_DRAFT_RANKED_5x5*": {
			"queueType": 410,
			"queueId": 410,
			"queue": 410,
			"gameQueueConfigId": 410,
			"mapId": 11,
			"name": "Ranked 5v5 Draft Pick games",
			"deprecation": {
				"deprecated": true,
				"sincePatch": "6.22"
			}
		},
		"TEAM_BUILDER_RANKED_SOLO": {
			"queueType": 420,
			"queueId": 420,
			"queue": 420,
			"gameQueueConfigId": 420,
			"mapId": 11,
			"name": "Ranked Solo games from current season that use Team Builder matchmaking"
		},
		"TB_BLIND_SUMMONERS_RIFT_5x5": {
			"queueType": 430,
			"queueId": 430,
			"queue": 430,
			"gameQueueConfigId": 430,
			"mapId": 11,
			"name": "Normal 5v5 Blind Pick games"
		},
		"RANKED_FLEX_SR": {
			"queueType": 440,
			"queueId": 440,
			"queue": 440,
			"gameQueueConfigId": 440,
			"mapId": 11,
			"name": "Ranked Flex Summoner's Rift games"
		},
		"5v5_ARAM": {
			"queueType": 450,
			"queueId": 450,
			"queue": 450,
			"gameQueueConfigId": 450,
			"mapId": 12,
			"name": "5v5 ARAM games"
		},
		"3v3_BLIND": {
			"queueType": 460,
			"queueId": 460,
			"queue": 460,
			"gameQueueConfigId": 460,
			"mapId": 10,
			"name": "3v3 Blind Pick games"
		},
		"3v3_RANKED_FLEX": {
			"queueType": 470,
			"queueId": 470,
			"queue": 470,
			"gameQueueConfigId": 470,
			"mapId": 10,
			"name": "3v3 Ranked Flex games"
		},
		"ASSASSINATE_5x5": {
			"queueType": 600,
			"queueId": 600,
			"queue": 600,
			"gameQueueConfigId": 600,
			"mapId": 11,
			"name": "Blood Hunt Assassin games"
		},
		"DARKSTAR_3x3": {
			"queueType": 610,
			"queueId": 610,
			"queue": 610,
			"gameQueueConfigId": 610,
			"mapId": 16,
			"name": "Darkstar games"
		},
		"5v5_CLASH": {
			"queueType": 700,
			"queueId": 700,
			"queue": 700,
			"gameQueueConfigId": 700,
			"mapId": 11,
			"name": "Clash games"
		},
		"3v3_BOT_INTERMEDIATE": {
			"queueType": 800,
			"queueId": 800,
			"queue": 800,
			"gameQueueConfigId": 800,
			"mapId": 10,
			"name": "Co-op vs. AI Intermediate Bot games"
		},
		"3v3_BOT_INTRO": {
			"queueType": 810,
			"queueId": 810,
			"queue": 810,
			"gameQueueConfigId": 810,
			"mapId": 10,
			"name": "Co-op vs. AI Intro Bot games"
		},
		"3v3_BOT_BEGINNER": {
			"queueType": 820,
			"queueId": 820,
			"queue": 820,
			"gameQueueConfigId": 820,
			"mapId": 10,
			"name": "Co-op vs. AI Beginner Bot games"
		},
		"5v5_BOT_INTRO": {
			"queueType": 830,
			"queueId": 830,
			"queue": 830,
			"gameQueueConfigId": 830,
			"mapId": 11,
			"name": "Co-op vs. AI Intro Bot games"
		},
		"5v5_BOT_BEGINNER": {
			"queueType": 840,
			"queueId": 840,
			"queue": 840,
			"gameQueueConfigId": 840,
			"mapId": 11,
			"name": "Co-op vs. AI Beginner Bot games"
		},
		"5v5_BOT_INTERMEDIATE": {
			"queueType": 850,
			"queueId": 850,
			"queue": 850,
			"gameQueueConfigId": 850,
			"mapId": 11,
			"name": "Co-op vs. AI Intermediate Bot games"
		},
		"ARURF": {
			"queueType": 900,
			"queueId": 900,
			"queue": 900,
			"gameQueueConfigId": 900,
			"mapId": 11,
			"name": "ARURF games"
		},
		"ASCENSION": {
			"queueType": 910,
			"queueId": 910,
			"queue": 910,
			"gameQueueConfigId": 910,
			"mapId": 8,
			"name": "Ascension games"
		},
		"PORO_KING": {
			"queueType": 920,
			"queueId": 920,
			"queue": 920,
			"gameQueueConfigId": 920,
			"mapId": 12,
			"name": "Legend of the Poro King games"
		},
		"NEXUS_SIEGE": {
			"queueType": 940,
			"queueId": 940,
			"queue": 940,
			"gameQueueConfigId": 940,
			"mapId": 11,
			"name": "Nexus Siege games"
		},
		"DOOM_BOT_VOTE": {
			"queueType": 950,
			"queueId": 950,
			"queue": 950,
			"gameQueueConfigId": 950,
			"mapId": 11,
			"name": "Doom Bots Voting games"
		},
		"DOOM_BOT_STANDARD": {
			"queueType": 960,
			"queueId": 960,
			"queue": 960,
			"gameQueueConfigId": 960,
			"mapId": 11,
			"name": "Doom Bots Standard games"
		},
		"INVASION_NORMAL": {
			"queueType": 980,
			"queueId": 980,
			"queue": 980,
			"gameQueueConfigId": 980,
			"mapId": 18,
			"name": "Star Guardian Invasion: Normal games"
		},
		"INVASION_ONSLAUGHT": {
			"queueType": 990,
			"queueId": 990,
			"queue": 990,
			"gameQueueConfigId": 990,
			"mapId": 18,
			"name": "Star Guardian Invasion: Onslaught games"
		},
		"OVERCHARGE": {
			"queueType": 1000,
			"queueId": 1000,
			"queue": 1000,
			"gameQueueConfigId": 1000,
			"mapId": 19,
			"name": "PROJECT: Hunters games"
		},
		"ARURF_5X5_SNOW": {
			"queueType": 1010,
			"queueId": 1010,
			"queue": 1010,
			"gameQueueConfigId": 1010,
			"mapId": 11,
			"name": "Snow ARURF games"
		},
		"ONEFORALL": {
			"queueType": 1020,
			"queueId": 1020,
			"queue": 1020,
			"gameQueueConfigId": 1020,
			"mapId": 11,
			"name": "One for All games"
		}
	},
	"mapNames": {
		"1": {
			"name": "Summoner's Rift",
			"notes": "Original Summer Variant"
		},
		"2": {
			"name": "Summoner's Rift",
			"notes": "Original Autumn Variant"
		},
		"3": {
			"name": "The Proving Grounds",
			"notes": "Tutorial Map"
		},
		"4": {
			"name": "Twisted Treeline",
			"notes": "Original Version"
		},
		"8": {
			"name": "The Crystal Scar",
			"notes": "Dominion Map"
		},
		"10": {
			"name": "Twisted Treeline",
			"notes": "Current Version"
		},
		"11": {
			"name": "Summoner's Rift",
			"notes": "Current Version"
		},
		"12": {
			"name": "Howling Abyss",
			"notes": "ARAM Map"
		},
		"14": {
			"name": "Butcher's Bridge",
			"notes": "ARAM Map"
		},
		"16": {
			"name": "Cosmic Ruins",
			"notes": "Darkstar Map"
		},
		"18": {
			"name": "Valoran City Park",
			"notes": "Star Guardian Invasion Map"
		},
		"19": {
			"name": "Substructure 43",
			"notes": "PROJECT: Hunters Map"
		}
	},
	"gameModes": {
		"CLASSIC": "Classic Summoner's Rift and Twisted Treeline games",
		"ODIN": "Dominion/Crystal Scar games",
		"ARAM": "ARAM games",
		"TUTORIAL": "Tutorial games",
		"URF": "URF games",
		"DOOMBOTSTEEMO": "Doom Bot games",
		"ONEFORALL": "One for All games",
		"ASCENSION": "Ascension games",
		"FIRSTBLOOD": "Snowdown Showdown games",
		"KINGPORO": "King Poro games",
		"SIEGE": "Nexus Siege games",
		"ASSASSINATE": "Blood Hunt Assassin games",
		"ARSR": "All Random Summoner's Rift games",
		"DARKSTAR": "Darkstar games",
		"STARGUARDIAN": "Star Guardian Invasion games",
		"PROJECT": "PROJECT: Hunters games"
	},
	"gameMatchModes": {
		"CLASSIC": "Classic Summoner's Rift and Twisted Treeline games",
		"ODIN": "Dominion/Crystal Scar games",
		"ARAM": "ARAM games",
		"TUTORIAL": "Tutorial games",
		"URF": "URF games",
		"DOOMBOTSTEEMO": "Doom Bot games",
		"ONEFORALL": "One for All games",
		"ASCENSION": "Ascension games",
		"FIRSTBLOOD": "Snowdown Showdown games",
		"KINGPORO": "King Poro games",
		"SIEGE": "Nexus Siege games",
		"ASSASSINATE": "Blood Hunt Assassin games",
		"ARSR": "All Random Summoner's Rift games",
		"DARKSTAR": "Darkstar games",
		"STARGUARDIAN": "Star Guardian Invasion games",
		"PROJECT": "PROJECT: Hunters games"
	},
	"gameTypes": {
		"CUSTOM_GAME": "Custom games",
		"TUTORIAL_GAME": "Tutorial games",
		"MATCHED_GAME": "All other games"
	},
	"gameMatchTypes": {
		"CUSTOM_GAME": "Custom games",
		"TUTORIAL_GAME": "Tutorial games",
		"MATCHED_GAME": "All other games"
	}
}